{"cameraMode":{"drawMode":0,"name":"Shaded","section":"Shading Mode"},"sceneLighting":true,"audioPlay":false,"sceneViewState":{"m_AlwaysRefresh":false,"showFog":false,"showSkybox":true,"showFlares":false,"showImageEffects":false,"showParticleSystems":false,"showVisualEffectGraphs":true,"m_FxEnabled":true},"in2DMode":false,"pivot":{"x":-14.996804237365723,"y":18.044605255126954,"z":-22.457948684692384},"rotation":{"x":-0.10343292355537415,"y":0.0602351650595665,"z":-0.006266110576689243,"w":-0.9927850961685181},"size":15.147738456726075,"orthographic":false}